{
	"partitions" : [
		{
			"name" : "Top",
			"pins" : [
				{
					"name" : "hsync",
					"strict" : false
				},
				{
					"name" : "vsync",
					"strict" : false
				},
				{
					"name" : "rgb[0]",
					"strict" : false
				},
				{
					"name" : "rgb[1]",
					"strict" : false
				},
				{
					"name" : "rgb[2]",
					"strict" : false
				},
				{
					"name" : "rgb[3]",
					"strict" : false
				},
				{
					"name" : "rgb[4]",
					"strict" : false
				},
				{
					"name" : "rgb[6]",
					"strict" : false
				},
				{
					"name" : "rgb[7]",
					"strict" : false
				},
				{
					"name" : "rgb[8]",
					"strict" : false
				},
				{
					"name" : "rgb[9]",
					"strict" : false
				},
				{
					"name" : "rgb[10]",
					"strict" : false
				},
				{
					"name" : "rgb[11]",
					"strict" : false
				},
				{
					"name" : "rgb[12]",
					"strict" : false
				},
				{
					"name" : "rgb[13]",
					"strict" : false
				},
				{
					"name" : "rgb[14]",
					"strict" : false
				},
				{
					"name" : "rgb[15]",
					"strict" : false
				},
				{
					"name" : "sys_rst_n",
					"strict" : false
				},
				{
					"name" : "touch_key",
					"strict" : false
				},
				{
					"name" : "key[0]",
					"strict" : false
				},
				{
					"name" : "key[1]",
					"strict" : false
				},
				{
					"name" : "key[2]",
					"strict" : false
				},
				{
					"name" : "key[3]",
					"strict" : false
				}
			]
		}
	]
}